wgs84_x,wgs84_y,country
10.58,51.03,DE
10.66,50.98,DE
10.66,51.24,DE
11.06,51.87,DE
11.06,51.29,DE
11.11,51.81,DE
11.17,51.81,DE
11.18,51.81,DE
11.29,51.82,DE
11.41,50.93,DE
11.42,51.02,DE
11.5,51.27,DE
11.54,51.88,DE
11.56,51.5,DE
11.56,52.24,DE
11.63,52.21,DE
11.68,52.11,DE
11.71,51.79,DE
11.71,51.16,DE
11.77,51.89,DE
11.79,52.11,DE
11.92,51.13,DE
11.93,51.61,DE
11.97,51.4,DE
12.01,51.1,DE
12.03,51.75,DE
12.07,51.36,DE
12.11,51.05,DE
12.11,51.63,DE
12.14,50.9,DE
12.3,51.24,DE
12.3,52.59,DE
12.54,52.75,DE
12.54,52.75,DE
12.9,51.67,DE
13.03,51.97,DE
13.05,51.99,DE
13.07,51.96,DE
13.07,51.96,DE
13.08,51.96,DE
13.09,51.96,DE
13.09,51.97,DE
13.09,51.96,DE
13.09,51.96,DE
13.09,51.96,DE
13.14,52.26,DE
13.46,52.33,DE
13.47,52.35,DE
13.56,52.25,DE
13.66,51.85,DE
13.8,51.91,DE
13.88,52.1,DE
13.88,52.1,DE
13.88,52.1,DE
13.91,52.1,DE
13.91,52.1,DE
13.93,51.91,DE
13.93,51.91,DE
13.96,53.19,DE
13.97,53.18,DE
13.97,53.05,DE
14.01,53,DE
14.02,53,DE
14.02,53.22,DE
14.08,53.12,DE
14.17,53.03,DE
14.17,53.03,DE
14.19,53.06,DE
14.19,53.06,DE
14.2,52.21,DE
14.2,52.09,DE
14.32,52.86,PL
14.33,52.61,DE
14.38,52.55,DE
14.39,53.21,DE
14.42,51.8,DE
14.46,52.44,DE
14.49,52.38,DE
14.49,53.41,PL
14.52,51.8,DE
14.53,51.38,DE
14.53,51.37,DE
14.53,51.37,DE
14.54,51.81,DE
14.54,51.81,DE
14.54,51.81,DE
14.73,51.96,PL
14.74,51.86,PL
14.73,53.14,PL
14.75,51.8,PL
14.77,51.85,PL
14.78,51.84,PL
14.79,51.88,PL
14.82,51.86,PL
14.85,53.13,PL
14.9,53.15,PL
15.08,53.2,PL
15.12,53.15,PL
15.14,52.83,PL
15.53,52.44,PL
15.54,52.1,PL
15.57,52.78,PL
15.57,52.08,PL
15.62,52.73,PL
15.79,52.1,PL
15.82,51.73,PL
15.93,51.67,PL
15.98,51.67,PL
16.02,51.68,PL
16.09,51.66,PL
16.11,51.65,PL
16.13,51.65,PL
16.14,51.65,PL
16.16,51.08,PL
16.19,51.66,PL
16.16,51.63,PL
16.28,51.71,PL
16.31,51.09,PL
16.43,51.41,PL
16.45,51.54,PL
16.52,51.66,PL
16.52,51.7,PL
16.54,51.67,PL
16.68,51.26,PL
16.72,52.07,PL
16.72,52.07,PL
16.78,50.61,PL
16.8,50.9,PL
16.83,50.99,PL
16.84,50.86,PL
16.86,50.96,PL
16.87,50.86,PL
16.87,50.86,PL
16.89,51.15,PL
16.95,51.13,PL
16.97,51.11,PL
17.09,51.07,PL
17.12,50.45,PL
17.19,50.97,PL
17.2,51,PL
17.27,50.81,PL
17.43,53.04,PL
17.84,50.12,PL
17.84,50.3,PL
17.89,52.32,PL
18.17,50.08,PL
18.24,53.43,PL
18.61,53.19,PL
18.63,53.77,PL
18.65,53.91,PL
18.65,53.91,PL
18.7,53.2,PL
18.72,52.67,PL
18.72,52.6,PL
18.73,52.6,PL
18.73,52.6,PL
18.74,52.59,PL
18.77,52.64,PL
18.78,52.6,PL
18.78,52.59,PL
18.78,52.63,PL
18.78,52.64,PL
18.79,52.64,PL
18.79,52.61,PL
18.79,52.64,PL
18.8,52.63,PL
18.8,52.63,PL
18.8,52.62,PL
18.81,52.63,PL
18.81,52.62,PL
18.81,52.63,PL
18.81,52.62,PL
18.82,52.63,PL
18.82,52.62,PL
18.82,52.63,PL
18.82,52.62,PL
18.86,52.62,PL
18.86,52.62,PL
18.88,52.64,PL
18.88,52.61,PL
18.88,52.65,PL
18.89,52.65,PL
18.9,52.62,PL
18.91,52.61,PL
18.92,52.61,PL
18.92,52.61,PL
18.92,52.61,PL
18.92,52.61,PL
18.92,52.61,PL
18.92,52.59,PL
18.92,52.6,PL
18.93,52.6,PL
18.95,52.63,PL
18.95,52.63,PL
18.97,52.62,PL
18.98,52.61,PL
18.98,52.6,PL
18.98,52.6,PL
18.98,52.6,PL
19,52.57,PL
21.23,54.19,PL
12.81,52.46,DE
14.34,52.85,PL
14.54,52.34,DE
14.53,52.34,DE
14.52,52.35,DE
14.44,53.42,PL
14.47,53.43,PL
14.47,53.43,PL
15.06,53.09,PL
14.85,53.2,PL
12.54,52.75,DE
14.2,52.09,DE
21.23,54.19,PL
14.8,52.06,PL
13.53,54.48,DE
14.23,51.65,DE
15.56,52.45,PL
16.92,52.38,PL
16.92,52.37,PL
17.98,52.74,PL
12.88,52.84,DE
14.09,52.77,DE
14.06,52.78,DE
14.3,52.17,DE
13.94,53.22,DE
13.01,52.42,DE
14.11,53.42,DE
12.96,52.56,DE
14.16,53.03,DE
14.52,52.33,DE
12.54,52.75,DE
12.43,52.38,DE
14.09,52.13,DE
12.88,52.62,DE
14.14,53.08,DE
13.05,52.4,DE
13.09,52.36,DE
13.87,53.3,DE
12.75,52.63,DE
12.75,52.63,DE
12.88,52.1,DE
12.76,52.53,DE
12.76,52.54,DE
12.72,52.53,DE
13.69,52.37,DE
12.95,52.56,DE
12.96,52.57,DE
12.96,52.58,DE
12.96,52.58,DE
13.99,53.11,DE
13.95,53.23,DE
12.91,52.6,DE
14.15,53.4,DE
12.39,52.51,DE
12.97,52.55,DE
13.56,51.44,DE
12.91,52.74,DE
14.17,53.03,DE
12.78,52.54,DE
12.95,52.44,DE
13.93,52.83,DE
12.92,52.54,DE
13.05,51.99,DE
12.86,52.47,DE
12.6,52.45,DE
12.98,52.62,DE
12.49,52.4,DE
12.79,52.54,DE
14.15,53.06,DE
13.07,52.4,DE
13.07,52.4,DE
13.03,51.97,DE
12.99,52.48,DE
13.96,53.43,DE
12.96,52.56,DE
13.65,52.91,DE
12.57,52.43,DE
12.54,52.4,DE
12.56,52.42,DE
12.56,52.41,DE
13.76,52.22,DE
13.71,52.24,DE
13.53,52.26,DE
13.59,52.37,DE
14.19,52.04,DE
14.19,52.05,DE
13.72,51.95,DE
13.53,52.28,DE
13.59,52.37,DE
13.61,52.29,DE
13.55,52.27,DE
13.89,52.09,DE
13.85,52.03,DE
13.63,52.17,DE
13.58,52.16,DE
13.73,52.09,DE
13.22,51.83,DE
13.54,51.47,DE
13.39,51.66,DE
12.87,52.65,DE
12.66,52.74,DE
13.1,52.6,DE
12.64,52.65,DE
12.39,52.8,DE
12.34,52.6,DE
12.31,52.61,DE
12.23,52.74,DE
13.13,52.61,DE
12.27,52.59,DE
13.07,52.63,DE
12.24,52.74,DE
12.33,52.8,DE
12.63,52.74,DE
12.95,52.54,DE
12.94,52.52,DE
12.36,52.77,DE
14.12,52.56,DE
14.39,52.51,DE
13.41,52.95,DE
13.25,53.02,DE
13.32,52.95,DE
13.05,52.79,DE
13.17,52.86,DE
13.36,53.02,DE
13.25,52.69,DE
13.27,52.69,DE
13.31,53.05,DE
13.25,53.01,DE
13.19,52.75,DE
13.42,52.95,DE
13.38,52.94,DE
13.25,52.75,DE
14.04,51.86,DE
13.97,51.87,DE
13.9,52.31,DE
14.05,52.36,DE
14.09,52.33,DE
14.14,52.45,DE
13.86,52.19,DE
12.49,52.92,DE
12.22,52.91,DE
12.43,52.78,DE
12.41,52.98,DE
12.31,52.87,DE
12.29,52.83,DE
12.46,52.89,DE
12.48,52.91,DE
12.82,53.02,DE
12.96,52.92,DE
12.8,52.83,DE
12.68,52.87,DE
12.63,52.87,DE
12.63,52.86,DE
12.86,53.17,DE
12.89,52.84,DE
12.95,52.93,DE
12.93,52.98,DE
12.83,52.96,DE
12.81,53.02,DE
12.73,52.72,DE
12.48,52.91,DE
12.85,53.17,DE
12.3,52.84,DE
12.74,52.72,DE
12.75,52.71,DE
13.08,52.38,DE
13.09,52.38,DE
12.98,52.45,DE
13.05,52.39,DE
13.07,52.42,DE
12.78,52.31,DE
12.49,52.51,DE
12.92,52.42,DE
12.91,52.44,DE
12.93,52.42,DE
13.09,52.35,DE
13.07,52.35,DE
12.96,52.36,DE
12.98,52.37,DE
13.05,52.46,DE
12.84,52.39,DE
13,52.47,DE
12.63,52.42,DE
13.14,52.35,DE
12.96,52.46,DE
12.93,52.33,DE
12.87,52.07,DE
12.88,52.12,DE
13.06,52.3,DE
12.91,52.43,DE
12.92,52.42,DE
13.21,52.4,DE
12.97,52.23,DE
11.85,53.23,DE
11.89,53.21,DE
12.03,53.24,DE
11.97,53.05,DE
12.25,53.2,DE
11.62,53.07,DE
11.5,53.1,DE
11.75,53.14,DE
11.82,53.03,DE
11.77,53.13,DE
11.92,53.12,DE
12.01,53.18,DE
11.83,52.97,DE
11.83,53.24,DE
11.56,53.07,DE
14.23,51.64,DE
13.14,52.24,DE
13.2,52.31,DE
13.38,52.32,DE
13.16,52.28,DE
13.16,52.3,DE
13.34,52.16,DE
13.44,52.18,DE
13.39,52.14,DE
13.52,52.11,DE
13.47,52.22,DE
13.22,52.22,DE
13.13,52.24,DE
13.14,52.23,DE
13.14,52.24,DE
13.47,52.31,DE
13.2,52.19,DE
14.01,53.02,DE
14.05,53.02,DE
14.13,53.02,DE
14.12,53.04,DE
13.97,53.03,DE
14.06,52.96,DE
14.18,53.06,DE
14.17,53.04,DE
13.94,53.04,DE
13.98,53.11,DE
14.12,53.1,DE
14.14,53.08,DE
13.98,52.98,DE
14.08,53.11,DE
14.44,53.27,DE
14.14,53.24,DE
13.6,53.4,DE
13.71,53.29,DE
13.94,53.35,DE
13.62,53.39,DE
14.24,53.39,DE
14.28,53.08,DE
13.53,53.14,DE
13.6,53.15,DE
13.62,53.07,DE
13.54,53.09,DE
14.28,53.05,DE
13.3,53.22,DE
14.05,53.02,DE
14.22,53.05,DE
14.04,53.19,DE
13.63,53.19,DE
14.09,53.38,DE
13.88,53.41,DE
14.12,53.36,DE
13.82,53.3,DE
13.53,52.99,DE
14.08,53,DE
13.84,53.25,DE
13.93,53.31,DE
12.9,52.66,DE
12.38,52.39,DE
14.19,52.04,DE
13.86,52.09,DE
12.6,52.75,DE
12.52,52.75,DE
18.26,52.74,PL
18.49,52.73,PL
18.23,52.74,PL
18.16,52.77,PL
18.54,52.61,PL
17.72,52.79,PL
18.08,52.73,PL
18.08,52.79,PL
18.08,52.79,PL
18.07,52.95,PL
17.75,52.78,PL
17.75,52.78,PL
18.27,52.91,PL
17.51,52.89,PL
17.75,52.74,PL
17.9,52.7,PL
18.22,52.68,PL
18.28,52.64,PL
18.25,52.69,PL
18.31,52.74,PL
18.31,52.74,PL
18.3,52.74,PL
18.25,52.74,PL
18.56,52.68,PL
18.57,52.69,PL
17.51,53.07,PL
18.76,52.47,PL
18.87,52.41,PL
18.62,52.67,PL
18.79,52.89,PL
18.49,52.76,PL
18.44,52.68,PL
18.07,52.77,PL
18.11,52.75,PL
18.1,52.77,PL
18.14,52.86,PL
18.03,52.87,PL
19.01,52.57,PL
19.01,52.57,PL
14.53,51.37,DE
14.53,51.38,DE
14.46,53.44,PL
14.46,53.41,PL
14.46,53.38,PL
14.49,53.35,PL
14.44,53.43,PL
14.46,53.42,PL
14.44,53.42,PL
14.49,53.38,PL
14.52,53.39,PL
14.46,53.42,PL
13.89,52.1,DE
13.94,52.39,DE
12.35,52.76,DE
13.89,52.09,DE
13.88,52.1,DE
14.54,51.81,DE
13.07,52.4,DE
13.07,52.4,DE
14.05,52.41,DE
12.32,52.76,DE
13.06,51.96,DE
13.83,53.32,DE
14.12,53.33,DE
13.96,53.28,DE
13.83,53.22,DE
12.35,52.76,DE
12.92,52.54,DE
